t,snap_px,input,delay,jitter_ema,buf_depth,newest_stamp,render_t,host_time_est
1790276617.484,20.362,,0.1987,0.0493,8,11.5000,11.1984,11.5409
1790276617.527,15.271,,0.1886,0.0443,8,11.6000,11.2394,11.6189
1790276617.636,0.000,,0.1898,0.0449,8,11.7000,11.3484,11.7159
1790276617.723,10.181,,0.1732,0.0360,8,11.8000,11.4364,11.8159
1790276617.866,11.743,W,0.1816,0.0408,8,11.9000,11.5774,11.9129
1790276617.948,11.189,W,0.1750,0.0375,8,12.0000,11.6594,12.0150
1790276618.051,0.000,W,0.1641,0.0321,8,12.1000,11.7624,12.1143
1790276618.215,17.376,Q,0.1787,0.0393,8,12.2000,11.9274,12.2106
1790276618.259,26.393,Q,0.1893,0.0446,8,12.3000,11.9694,12.3174
1790276618.384,6.598,,0.1902,0.0451,8,12.4000,12.0964,12.4136
1790276618.428,26.393,,0.1954,0.0477,8,12.5000,12.1394,12.5185
1790276618.541,0.000,,0.1917,0.0459,8,12.6000,12.2514,12.6170
1790276618.655,0.000,Q,0.1819,0.0410,8,12.7000,12.3654,12.7155
1790276618.775,6.598,Q,0.1714,0.0357,8,12.8000,12.4834,12.8164
1790276618.865,6.598,Q,0.1633,0.0316,8,12.9000,12.5764,12.9149
1790276619.027,19.794,Q,0.1749,0.0375,8,13.0000,12.7384,13.0121
1790276619.114,6.667,W,0.1719,0.0360,8,13.1000,12.8254,13.1147
1790276619.140,33.032,W,0.1886,0.0445,8,13.2000,12.8474,13.2223
1790276619.235,6.532,,0.1797,0.0399,8,13.3000,12.9454,13.3169
1790276619.323,5.964,,0.1640,0.0320,8,13.4000,13.0344,13.4169
1790276619.434,0.000,Q,0.1607,0.0304,8,13.5000,13.1444,13.5163
1790276619.520,6.273,Q+W,0.1528,0.0264,8,13.6000,13.2324,13.6151
1790276619.602,6.950,Q+W,0.1469,0.0234,8,13.7000,13.3144,13.7161
1790276619.706,0.000,Q+W,0.1444,0.0222,8,13.8000,13.4164,13.8170
1790276619.818,0.085,W,0.1436,0.0218,8,13.9000,13.5294,13.9136
1790276619.931,0.000,W,0.1389,0.0195,8,14.0000,13.6424,14.0130
1790276620.020,3.974,W,0.1384,0.0192,8,14.1000,13.7304,14.1155
1790276620.109,3.485,W,0.1340,0.0170,8,14.2000,13.8194,14.2162
1790276620.219,0.000,W,0.1346,0.0173,8,14.3000,13.9294,14.3149
1790276620.311,2.561,W,0.1319,0.0160,8,14.4000,14.0194,14.4189
1790276620.441,2.281,,0.1403,0.0201,8,14.5000,14.1494,14.5173
1790276620.534,0.978,E,0.1372,0.0186,8,14.6000,14.2454,14.6146
1790276620.638,0.000,E,0.1308,0.0154,8,14.7000,14.3494,14.7145
1790276620.743,0.000,E,0.1251,0.0126,8,14.8000,14.4544,14.8134
1790276620.951,12.152,,0.1418,0.0293,8,14.9000,14.6604,14.9116
1790276621.013,6.165,B,0.1684,0.0342,8,15.0000,14.7244,15.0156
1790276621.058,8.368,B,0.1756,0.0378,8,15.1000,14.7674,15.1209
1790276621.146,1.942,,0.1665,0.0332,8,15.2000,14.8554,15.2195
1790276621.236,0.448,,0.1576,0.0288,8,15.3000,14.9464,15.3174
1790276621.348,0.000,,0.1571,0.0286,8,15.4000,15.0564,15.4186
1790276621.441,2.250,W,0.1468,0.0234,8,15.5000,15.1504,15.5178
1790276621.535,0.828,W,0.1376,0.0188,8,15.6000,15.2454,15.6168
1790276621.624,0.295,W,0.1322,0.0161,8,15.7000,15.3354,15.7162
1790276621.710,0.240,W,0.1286,0.0143,8,15.8000,15.4214,15.8168
1790276621.838,0.595,SPACE,0.1399,0.0199,8,15.9000,15.5484,15.9143
1790276621.926,1.306,SPACE,0.1379,0.0190,8,16.0000,15.6374,16.0145
1790276622.039,0.000,SPACE,0.1365,0.0182,8,16.1000,15.7484,16.1155
1790276622.127,0.862,,0.1343,0.0171,8,16.2000,15.8384,16.2146
1790276622.235,0.000,,0.1315,0.0158,8,16.3000,15.9444,16.3159
1790276622.323,0.862,Q,0.1299,0.0150,8,16.4000,16.0334,16.4169
1790276622.432,0.000,,0.1309,0.0154,8,16.5000,16.1444,16.5137
1790276622.527,0.353,W,0.1287,0.0143,8,16.6000,16.2364,16.6176
1790276622.621,1.667,,0.1237,0.0118,8,16.7000,16.3314,16.7167
1790276622.736,0.000,Q,0.1261,0.0130,8,16.8000,16.4444,16.8174
1790276622.827,1.349,W,0.1250,0.0125,8,16.9000,16.5374,16.9153
1790276622.919,1.069,W,0.1229,0.0114,8,17.0000,16.6284,17.0169
1790276623.033,1.067,,0.1266,0.0133,8,17.1000,16.7424,17.1155
1790276623.149,0.000,,0.1262,0.0131,8,17.2000,16.8584,17.2146
1790276623.265,0.000,,0.1227,0.0114,8,17.3000,16.9724,17.3161
1790276623.360,1.912,,0.1227,0.0113,8,17.4000,17.0714,17.4143
1790276623.455,1.912,,0.1227,0.0113,8,17.5000,17.1644,17.5172
1790276623.553,1.912,,0.1204,0.0102,8,17.6000,17.2574,17.6230
1790276623.663,0.000,,0.1223,0.0112,8,17.7000,17.3674,17.7215
1790276623.869,0.000,,0.1207,0.0103,8,17.9000,17.5794,17.9144
1790276623.938,5.736,,0.1316,0.0158,8,18.0000,17.6444,18.0234
1790276624.058,0.000,,0.1428,0.0214,8,18.1000,17.7614,18.1229
1790276624.127,3.824,,0.1422,0.0211,8,18.2000,17.8384,18.2164
1790276624.245,1.912,,0.1480,0.0240,8,18.3000,17.9544,18.3163
1790276624.359,0.000,,0.1456,0.0228,8,18.4000,18.0704,18.4141
1790276624.612,5.736,,0.1515,0.0258,8,18.6000,18.2764,18.6130
1790276624.658,7.648,E,0.1656,0.0328,8,18.7000,18.3214,18.7189
1790276624.745,1.912,E,0.1541,0.0271,8,18.8000,18.4094,18.8186
1790276624.858,0.000,,0.1553,0.0276,8,18.9000,18.5214,18.9154
1790276624.922,5.736,,0.1575,0.0288,8,19.0000,18.5864,19.0177
1790276625.029,0.000,,0.1601,0.0300,8,19.1000,18.6924,19.1154
1790276625.157,1.912,,0.1643,0.0322,8,19.2000,18.8214,19.2132
1790276625.261,0.000,,0.1531,0.0266,8,19.3000,18.9234,19.3154
1790276625.329,3.824,E,0.1560,0.0280,8,19.4000,18.9924,19.4193
1790276625.420,1.912,E,0.1496,0.0248,8,19.5000,19.0854,19.5160
1790276625.523,0.000,E,0.1462,0.0231,8,19.6000,19.1874,19.6159
1790276625.643,0.000,E,0.1453,0.0226,8,19.7000,19.3014,19.7203
1790276625.725,3.824,E,0.1445,0.0222,8,19.8000,19.3834,19.8230
1790276625.843,1.912,S,0.1494,0.0247,8,19.9000,19.5064,19.9143
1790276625.950,1.602,S,0.1407,0.0204,8,20.0000,19.6144,20.0132
1790276626.060,0.000,S,0.1335,0.0167,8,20.1000,19.7184,20.1190
1790276626.144,2.242,,0.1329,0.0165,8,20.2000,19.8074,20.2156
1790276626.207,6.725,,0.1398,0.0199,8,20.3000,19.8714,20.3178
1790276626.349,17.932,,0.1565,0.0325,8,20.4000,20.0154,20.4128
1790276626.439,11.208,Q,0.1574,0.0287,8,20.5000,20.1034,20.5159
1790276626.547,13.449,,0.1516,0.0258,8,20.6000,20.2114,20.6149
1790276626.651,13.449,,0.1422,0.0211,8,20.7000,20.3144,20.7157
1790276626.762,13.449,SPACE,0.1374,0.0187,8,20.8000,20.4254,20.8151
1790276626.862,13.449,,0.1319,0.0159,8,20.9000,20.5264,20.9135
1790276626.944,8.966,SPACE,0.1338,0.0169,8,21.0000,20.6084,21.0164
1790276627.058,13.449,,0.1334,0.0167,8,21.1000,20.7144,21.1224
1790276627.150,11.208,,0.1270,0.0135,8,21.2000,20.8134,21.2162
1790276627.292,17.932,,0.1400,0.0200,8,21.3000,20.9574,21.3111
1790276627.337,4.483,,0.1567,0.0285,8,21.4000,21.0014,21.4177
1790276627.423,11.208,,0.1461,0.0230,8,21.5000,21.0874,21.5175
1790276627.531,13.449,,0.1469,0.0235,8,21.6000,21.1944,21.6168
1790276627.622,11.208,,0.1388,0.0194,8,21.7000,21.2864,21.7160
1790276627.738,13.449,,0.1381,0.0191,8,21.8000,21.3964,21.8208
1790276627.836,13.449,,0.1317,0.0158,8,21.9000,21.5004,21.9137
1790276627.921,11.208,,0.1318,0.0159,8,22.0000,21.5864,22.0139
1790276628.053,15.691,,0.1410,0.0205,8,22.1000,21.7164,22.1138
1790276628.160,13.449,,0.1338,0.0169,8,22.2000,21.8224,22.2149
1790276628.248,11.208,,0.1335,0.0168,8,22.3000,21.9124,22.3143
1790276628.340,11.208,,0.1293,0.0146,8,22.4000,22.0044,22.4158
1790276628.452,13.449,,0.1306,0.0153,8,22.5000,22.1164,22.5146
1790276628.564,13.449,,0.1277,0.0139,8,22.6000,22.2274,22.6150
1790276628.648,11.208,,0.1299,0.0150,8,22.7000,22.3134,22.7147
1790276628.788,17.932,,0.1423,0.0212,8,22.8000,22.4524,22.8124
1790276628.895,13.449,,0.1356,0.0178,8,22.9000,22.5604,22.9118
1790276628.925,2.242,,0.1523,0.0301,8,23.0000,22.5834,23.0241
1790276629.153,29.140,,0.1769,0.0592,8,23.1000,22.8124,23.1156
1790276629.196,4.483,,0.2102,0.0595,8,23.2000,22.8604,23.2162
1790276629.241,4.483,,0.2147,0.0574,8,23.3000,22.9044,23.3199
1790276629.330,11.208,,0.1991,0.0496,8,23.4000,22.9934,23.4196
1790276629.446,13.449,,0.1957,0.0479,8,23.5000,23.1084,23.5178
1790276629.512,8.966,,0.1877,0.0438,8,23.6000,23.1774,23.6175
1790276629.614,13.449,,0.1811,0.0405,8,23.7000,23.2794,23.7156
1790276629.723,13.449,,0.1721,0.0361,8,23.8000,23.3854,23.8175
1790276629.832,13.449,,0.1630,0.0315,8,23.9000,23.4954,23.9145
1790276629.945,13.449,,0.1546,0.0273,8,24.0000,23.6094,24.0129
1790276630.119,22.415,,0.1675,0.0338,8,24.1000,23.7824,24.1113
1790276630.140,2.242,,0.1842,0.0437,8,24.2000,23.8044,24.2158
1790276630.254,13.449,,0.1808,0.0404,8,24.3000,23.9174,24.3151
1790276630.399,20.174,,0.1833,0.0417,8,24.4000,24.0634,24.4127
1790276630.537,17.932,,0.1737,0.0368,8,24.5000,24.2024,24.5110
1790276630.641,13.449,,0.1664,0.0332,8,24.6000,24.3064,24.6122
1790276630.664,2.242,,0.1830,0.0429,8,24.7000,24.3274,24.7190
1790276630.826,20.174,,0.2024,0.0527,8,24.8000,24.4894,24.8135
1790276630.849,2.242,,0.2164,0.0582,8,24.9000,24.5114,24.9192
1790276630.955,13.449,,0.2046,0.0523,8,25.0000,24.6184,25.0160
1790276631.044,11.208,,0.1879,0.0428,8,25.1000,24.7074,25.1164
1790276631.130,11.208,,0.1713,0.0356,8,25.2000,24.7924,25.2182
1790276631.236,13.449,,0.1661,0.0330,8,25.3000,24.9004,25.3144
1790276631.341,13.449,,0.1553,0.0277,8,25.4000,25.0034,25.4170
1790276631.456,13.449,,0.1503,0.0252,8,25.5000,25.1184,25.5159
1790276631.549,11.208,,0.1451,0.0225,8,25.6000,25.2124,25.6160
1790276631.642,11.208,,0.1389,0.0194,8,25.7000,25.3054,25.7166
1790276631.756,13.449,,0.1376,0.0188,8,25.8000,25.4174,25.8174
1790276631.839,11.208,,0.1365,0.0182,8,25.9000,25.5044,25.9137
1790276631.939,11.208,,0.1306,0.0153,8,26.0000,25.6024,26.0156
1790276632.043,13.449,,0.1277,0.0139,8,26.1000,25.7064,26.1150
1790276632.148,13.449,,0.1234,0.0117,8,26.2000,25.8094,26.2168
1790276632.240,11.208,,0.1217,0.0108,8,26.3000,25.9034,26.3154
1790276632.345,13.449,,0.1212,0.0106,8,26.4000,26.0104,26.4137
1790276632.456,13.449,,0.1200,0.0100,8,26.5000,26.1204,26.5142
1790276632.536,8.966,,0.1254,0.0127,8,26.6000,26.2014,26.6153
1790276632.717,22.415,,0.1421,0.0294,8,26.7000,26.3814,26.7123
1790276632.741,2.242,,0.1588,0.0394,8,26.8000,26.4064,26.8163
1790276632.843,13.449,,0.1700,0.0350,8,26.9000,26.5074,26.9151
1790276632.949,13.449,,0.1607,0.0304,8,27.0000,26.6114,27.0163
1790276633.037,11.208,,0.1523,0.0262,8,27.1000,26.7004,27.1161
1790276633.166,15.691,,0.1575,0.0288,8,27.2000,26.8304,27.2129
1790276633.251,8.966,,0.1548,0.0274,8,27.3000,26.9154,27.3147
1790276633.338,11.208,,0.1473,0.0237,8,27.4000,27.0024,27.4165
1790276633.439,13.449,,0.1423,0.0211,8,27.5000,27.1034,27.5157
1790276633.561,15.691,,0.1448,0.0224,8,27.6000,27.2254,27.6140
1790276633.662,13.449,,0.1378,0.0189,8,27.7000,27.3274,27.7134
1790276633.763,13.449,,0.1316,0.0158,8,27.8000,27.4284,27.8136
1790276633.872,13.449,,0.1262,0.0131,8,27.9000,27.5334,27.9164
1790276633.957,11.208,,0.1278,0.0139,8,28.0000,27.6194,28.0170
1790276634.040,11.208,,0.1265,0.0133,8,28.1000,27.7034,28.1169
1790276634.125,323.886,,0.1220,0.0110,8,28.2000,27.7904,28.2148
1790276634.226,0.000,,0.1240,0.0120,8,28.3000,27.8924,28.3127
1790276634.310,0.000,,0.1236,0.0118,8,28.4000,27.9764,28.4146
1790276634.424,0.000,,0.1284,0.0142,8,28.5000,28.0864,28.5173
1790276634.517,0.000,,0.1238,0.0119,8,28.6000,28.1874,28.6090
1790276634.635,0.000,,0.1268,0.0134,8,28.7000,28.3064,28.7074
1790276634.714,0.000,,0.1327,0.0163,8,28.8000,28.3844,28.8110
1790276634.819,0.000,,0.1302,0.0151,8,28.9000,28.4844,28.9137
1790276634.915,0.000,,0.1262,0.0131,8,29.0000,28.5844,29.0092
1790276635.017,0.000,,0.1224,0.0112,8,29.1000,28.6854,29.1101
1790276635.117,0.000,,0.1186,0.0093,8,29.2000,28.7864,29.2090
1790276635.215,0.000,,0.1162,0.0081,8,29.3000,28.8834,29.3101
1790276635.325,0.000,,0.1172,0.0086,8,29.4000,28.9914,29.4116
1790276635.408,0.000,,0.1220,0.0110,8,29.5000,29.0744,29.5142
1790276635.528,0.000,,0.1310,0.0155,8,29.6000,29.1964,29.6105
1790276635.620,0.000,,0.1307,0.0154,8,29.7000,29.2854,29.7146
1790276635.719,0.000,,0.1266,0.0133,8,29.8000,29.3864,29.8122
1790276635.822,0.000,,0.1219,0.0109,8,29.9000,29.4864,29.9141
1790276635.925,0.000,,0.1198,0.0099,8,30.0000,29.5914,30.0118
1790276636.034,0.000,,0.1166,0.0083,8,30.1000,29.6954,30.1165
1790276636.142,0.000,,0.1164,0.0082,8,30.2000,29.8064,30.2131
1790276636.224,0.000,,0.1220,0.0110,8,30.3000,29.8894,30.3139
1790276636.324,0.000,,0.1209,0.0104,8,30.4000,29.9904,30.4134
1790276636.428,0.000,,0.1187,0.0094,8,30.5000,30.0924,30.5151
1790276636.553,0.000,,0.1253,0.0126,8,30.6000,30.2174,30.6135
1790276636.639,0.000,,0.1295,0.0148,8,30.7000,30.3024,30.7166
1790276636.750,0.000,,0.1306,0.0153,8,30.8000,30.4154,30.8135
1790276636.830,0.000,,0.1337,0.0168,8,30.9000,30.4954,30.9144
1790276636.960,0.000,,0.1423,0.0211,8,31.0000,30.6204,31.0172
1790276637.047,0.000,,0.1399,0.0199,8,31.1000,30.7094,31.1166
1790276637.174,0.000,,0.1446,0.0223,8,31.2000,30.8364,31.2146
1790276642.759,0.000,,0.1258,0.0129,8,36.8000,36.4254,36.8537
1790276642.818,0.000,,0.1207,0.0104,8,36.9000,36.4844,36.9121
1790276642.905,0.000,,0.1222,0.0111,8,37.0000,36.5694,37.0153
1790276643.005,0.000,,0.1220,0.0110,8,37.1000,36.6704,37.1135
1790276643.145,0.000,,0.1359,0.0180,8,37.2000,36.8104,37.2114
1790276643.245,0.000,,0.1340,0.0170,8,37.3000,36.9094,37.3132
1790276643.324,0.000,,0.1370,0.0185,8,37.4000,36.9894,37.4154
1790276643.447,0.000,,0.1435,0.0218,8,37.5000,37.1124,37.5134
1790276643.655,0.000,,0.1602,0.0375,8,37.6000,37.3224,37.6086
1790276643.681,0.000,,0.1769,0.0467,8,37.7000,37.3454,37.7166
1790276643.831,0.000,,0.2030,0.0515,8,37.8000,37.4994,37.8088
1790276643.892,0.000,,0.2010,0.0505,8,37.9000,37.5604,37.9119
1790276643.939,0.000,,0.2003,0.0502,8,38.0000,37.6034,38.0188
1790276644.024,0.000,,0.1860,0.0430,8,38.1000,37.6884,38.1176
1790276644.125,0.000,,0.1802,0.0401,8,38.2000,37.7904,38.2146
1790276644.230,0.000,,0.1699,0.0349,8,38.3000,37.8924,38.3168
1790276644.336,0.000,,0.1609,0.0304,8,38.4000,37.9994,38.4159
1790276644.445,0.000,,0.1500,0.0250,8,38.5000,38.1034,38.5205
1790276644.532,0.000,,0.1429,0.0214,8,38.6000,38.1984,38.6132
1790276644.638,0.000,,0.1369,0.0185,8,38.7000,38.3034,38.7138
1790276644.720,0.000,,0.1377,0.0188,8,38.8000,38.3844,38.8166
1790276644.825,0.000,,0.1367,0.0184,8,38.9000,38.4894,38.9144
1790276644.942,0.000,,0.1388,0.0194,8,39.0000,38.6094,39.0103
1790276645.044,0.000,,0.1345,0.0173,8,39.1000,38.7074,39.1146
1790276645.139,0.000,,0.1301,0.0151,8,39.2000,38.8034,39.2141
1790276645.237,0.000,,0.1245,0.0122,8,39.3000,38.9034,39.3121
1790276645.339,0.000,,0.1210,0.0105,8,39.4000,39.0064,39.4119
1790276645.496,0.000,,0.1372,0.0186,8,39.5000,39.1594,39.5131
1790276645.538,0.000,,0.1539,0.0275,8,39.6000,39.2044,39.6151
1790276645.641,0.000,,0.1509,0.0254,8,39.7000,39.3054,39.7161
1790276645.723,0.000,,0.1441,0.0221,8,39.8000,39.3904,39.8135
1790276645.823,0.000,,0.1394,0.0197,8,39.9000,39.4884,39.9140
1790276645.922,0.000,,0.1345,0.0172,8,40.0000,39.5884,40.0124
1790276646.043,0.000,,0.1373,0.0187,8,40.1000,39.7084,40.1122
1790276646.140,0.000,,0.1336,0.0168,8,40.2000,39.8054,40.2128
1790276646.238,0.000,,0.1276,0.0138,8,40.3000,39.9054,40.3109
1790276646.323,0.000,,0.1287,0.0144,8,40.4000,39.9894,40.4142
1790276646.449,0.000,,0.1384,0.0192,8,40.5000,40.1164,40.5113
1790276646.567,0.000,,0.1351,0.0175,8,40.6000,40.2344,40.6107
1790276646.732,0.000,,0.1463,0.0231,8,40.7000,40.3974,40.7105
1790276646.796,0.000,,0.1577,0.0289,8,40.8000,40.4614,40.8146
1790276646.821,0.000,,0.1744,0.0384,8,40.9000,40.4824,40.9223
1790276646.943,0.000,,0.1865,0.0433,8,41.0000,40.6064,41.0159
1790276647.060,0.000,,0.1797,0.0398,8,41.1000,40.7254,41.1124
1790276647.179,0.000,,0.1690,0.0345,8,41.2000,40.8444,41.2116
1790276647.227,0.000,,0.1798,0.0399,8,41.3000,40.8874,41.3216
1790276647.332,0.000,,0.1760,0.0380,8,41.4000,40.9964,41.4159
1790276647.438,0.000,,0.1665,0.0333,8,41.5000,41.1044,41.5129
1790276647.560,0.000,,0.1608,0.0304,8,41.6000,41.2244,41.6137
1790276647.643,0.000,,0.1576,0.0288,8,41.7000,41.3094,41.7136
1790276647.746,0.000,,0.1487,0.0244,8,41.8000,41.4114,41.8142
1790276647.932,0.000,,0.1654,0.0371,8,41.9000,41.5964,41.9101
1790276647.973,0.000,,0.1870,0.0435,8,42.0000,41.6374,42.0159
1790276648.058,0.000,,0.1710,0.0355,8,42.1000,41.7224,42.1162
1790276648.133,0.000,,0.1607,0.0303,8,42.2000,41.8004,42.2134
1790276648.231,0.000,,0.1563,0.0282,8,42.3000,41.8984,42.3112
1790276648.332,0.000,,0.1508,0.0254,8,42.4000,42.0004,42.4116
1790276648.450,0.000,,0.1498,0.0249,8,42.5000,42.1174,42.5114
1790276648.657,0.000,,0.1664,0.0393,8,42.6000,42.3244,42.6086
1790276648.776,0.000,,0.1702,0.0351,8,42.7000,42.4384,42.7136
1790276648.959,0.000,,0.1869,0.0584,8,43.0000,42.5508,43.0149
1790276649.040,0.000,,0.2002,0.0481,8,43.1000,42.6318,43.1155
1790276649.140,0.000,,0.1851,0.0426,8,43.2000,42.7328,43.2131
1790276649.257,0.000,E,0.1796,0.0398,8,43.3000,42.8508,43.3107
1790276649.351,0.000,E,0.1684,0.0342,8,43.4000,42.9418,43.4155
1790276649.459,0.089,W,0.1586,0.0293,8,43.5000,43.0478,43.5168
1790276649.607,2.942,,0.1658,0.0329,8,43.6000,43.1968,43.6124
1790276649.661,2.578,,0.1747,0.0373,8,43.7000,43.2508,43.7186
1790276649.782,0.622,,0.1757,0.0378,8,43.8000,43.3708,43.8160
1790276649.933,2.933,,0.1809,0.0404,8,43.9000,43.5218,43.9133
1790276650.000,2.933,,0.1831,0.0416,8,44.0000,43.5868,44.0198
1790276650.048,3.911,SPACE,0.1841,0.0421,8,44.1000,43.6348,44.1227
1790276650.163,0.000,,0.1875,0.0438,8,44.2000,43.7478,44.2222
1790276650.343,3.911,,0.2042,0.0558,8,44.3000,43.9318,44.3140
1790276650.367,4.889,,0.2209,0.0605,8,44.4000,43.9568,44.4186
1790276650.526,2.933,,0.2303,0.0652,8,44.5000,44.1148,44.5153
1790276650.574,3.911,,0.2267,0.0633,8,44.6000,44.1638,44.6192
1790276650.711,1.956,,0.2256,0.0628,8,44.7000,44.2978,44.7185
1790276650.782,1.956,,0.2117,0.0558,8,44.8000,44.3718,44.8174
1790276650.913,0.978,,0.2102,0.0551,8,44.9000,44.5028,44.9144
1790276650.973,3.911,,0.2082,0.0541,8,45.0000,44.5548,45.0283
1790276651.106,1.956,S,0.2150,0.0575,8,45.1000,44.6938,45.1166
1790276651.178,2.843,S,0.2039,0.0520,8,45.2000,44.7658,45.2201
1790276651.248,1.956,S,0.1905,0.0452,8,45.3000,44.8348,45.3224
1790276651.363,0.059,S,0.1945,0.0473,8,45.4000,44.9528,45.4173
1790276651.477,0.000,S,0.1854,0.0427,8,45.5000,45.0678,45.5146
1790276651.523,3.393,S,0.1911,0.0456,8,45.6000,45.1118,45.6198
1790276651.655,0.362,SPACE,0.1982,0.0491,8,45.7000,45.2438,45.7170
1790276651.767,0.000,Q,0.1837,0.0418,8,45.8000,45.3568,45.8151
1790276651.860,1.952,Q+W,0.1731,0.0365,8,45.9000,45.4468,45.9185
1790276651.950,2.229,E+W+SPACE,0.1607,0.0303,8,46.0000,45.5388,46.0158
1790276652.060,1.341,E,0.1550,0.0275,8,46.1000,45.6488,46.1157
1790276652.179,0.806,Q,0.1508,0.0254,8,46.2000,45.7678,46.2146
1790276652.249,2.419,SPACE,0.1555,0.0277,8,46.3000,45.8368,46.3189
1790276652.365,0.806,,0.1606,0.0303,8,46.4000,45.9558,46.4152
1790276652.456,0.806,,0.1521,0.0260,8,46.5000,46.0458,46.5170
1790276652.567,0.000,,0.1488,0.0244,8,46.6000,46.1568,46.6147
1790276652.711,0.806,,0.1528,0.0264,8,46.7000,46.2938,46.7197
1790276652.782,0.806,,0.1555,0.0278,8,46.8000,46.3718,46.8160
1790276652.868,0.639,S,0.1477,0.0238,8,46.9000,46.4578,46.9167
1790276652.981,1.333,S+SPACE,0.1477,0.0238,8,47.0000,46.5688,47.0171
1790276653.072,1.442,S,0.1414,0.0207,8,47.1000,46.6598,47.1179
1790276653.162,1.935,S,0.1344,0.0172,8,47.2000,46.7518,47.2161
1790276653.330,6.826,Q,0.1510,0.0299,8,47.3000,46.9208,47.3125
1790276653.391,7.336,Q,0.1669,0.0335,8,47.4000,46.9838,47.4152
1790276653.434,9.781,Q,0.1744,0.0372,8,47.5000,47.0248,47.5200
1790276653.574,2.445,,0.1911,0.0466,8,47.6000,47.1628,47.6175
1790276653.647,4.890,,0.1845,0.0422,8,47.7000,47.2358,47.7204
1790276653.760,2.445,,0.1827,0.0414,8,47.8000,47.3508,47.8155
1790276653.880,0.000,,0.1746,0.0373,8,47.9000,47.4678,47.9151
1790276653.966,2.445,,0.1664,0.0332,8,48.0000,47.5558,48.0156
1790276654.055,2.445,,0.1557,0.0278,8,48.1000,47.6458,48.1151
1790276654.168,1.333,W,0.1527,0.0264,8,48.2000,47.7578,48.2138
1790276654.314,4.293,E+W,0.1597,0.0298,8,48.3000,47.9038,48.3134
1790276654.396,4.229,E+W,0.1597,0.0299,8,48.4000,47.9878,48.4142
1790276654.500,0.526,,0.1499,0.0249,8,48.5000,48.0918,48.5138
1790276654.619,3.047,,0.1469,0.0234,8,48.6000,48.2108,48.6128
1790276654.718,0.267,Q+W,0.1406,0.0203,8,48.7000,48.3118,48.7114
1790276654.798,3.942,E+W+SPACE,0.1432,0.0216,8,48.8000,48.3888,48.8158
1790276654.881,4.007,E,0.1381,0.0190,8,48.9000,48.4698,48.9189
1790276654.965,3.031,Q,0.1310,0.0155,8,49.0000,48.5558,49.0164
1790276655.056,2.050,Q+SPACE,0.1279,0.0140,8,49.1000,48.6478,49.1135
1790276655.137,4.204,W,0.1262,0.0131,8,49.2000,48.7278,49.2167
1790276655.250,0.447,,0.1343,0.0171,8,49.3000,48.8398,49.3146
1790276655.338,2.273,E,0.1308,0.0154,8,49.4000,48.9278,49.4174
1790276655.448,0.000,E,0.1321,0.0160,8,49.5000,49.0368,49.5171
1790276655.542,2.273,E,0.1275,0.0138,8,49.6000,49.1318,49.6164
1790276655.634,2.273,E,0.1246,0.0123,8,49.7000,49.2228,49.7181
1790276655.725,2.273,E,0.1206,0.0103,8,49.8000,49.3148,49.8172
1790276655.841,0.000,E,0.1251,0.0125,8,49.9000,49.4278,49.9176
1790276655.946,0.887,E+W,0.1216,0.0108,8,50.0000,49.5338,50.0163
1790276656.038,1.730,W,0.1219,0.0109,8,50.1000,49.6258,50.1174
1790276656.133,1.210,W,0.1182,0.0091,8,50.2000,49.7218,50.2165
1790276656.245,0.000,W,0.1208,0.0104,8,50.3000,49.8338,50.3154
1790276656.336,0.144,W,0.1216,0.0108,8,50.4000,49.9248,50.4165
1790276656.473,1.048,W,0.1350,0.0175,8,50.5000,50.0648,50.5122
1790276656.636,3.304,,0.1418,0.0209,8,50.6000,50.2188,50.6175
1790276656.664,6.485,,0.1584,0.0315,8,50.7000,50.2528,50.7192
1790276656.792,1.581,Q,0.1688,0.0344,8,50.8000,50.3818,50.8143
1790276656.878,1.724,Q,0.1622,0.0311,8,50.9000,50.4678,50.9159
1790276656.955,5.171,Q,0.1581,0.0290,8,51.0000,50.5428,51.0203
1790276657.055,1.330,W,0.1543,0.0271,8,51.1000,50.6428,51.1187
1790276657.144,1.830,W,0.1439,0.0219,8,51.2000,50.7328,51.2177
1790276657.256,0.267,,0.1455,0.0227,8,51.3000,50.8468,51.3139
1790276657.365,0.978,,0.1388,0.0194,8,51.4000,50.9538,51.4164
1790276657.455,2.391,E,0.1375,0.0188,8,51.5000,51.0408,51.5211
1790276657.552,0.000,E,0.1331,0.0166,8,51.6000,51.1428,51.6143
1790276657.655,0.000,,0.1284,0.0142,8,51.7000,51.2458,51.7149
1790276657.757,0.000,,0.1241,0.0121,8,51.8000,51.3498,51.8127
1790276657.862,2.391,,0.1202,0.0101,8,51.9000,51.4498,51.9168
1790276657.956,2.391,E,0.1201,0.0101,8,52.0000,51.5398,52.0209
1790276658.159,0.000,,0.1234,0.0117,8,52.2000,51.7498,52.2140
1790276658.244,2.391,,0.1247,0.0123,8,52.3000,51.8348,52.3152
1790276658.352,0.000,,0.1259,0.0130,8,52.4000,51.9408,52.4163
1790276658.460,0.000,,0.1246,0.0123,8,52.5000,52.0488,52.5165
1790276658.572,0.000,SPACE,0.1232,0.0116,8,52.6000,52.1608,52.6158
1790276658.672,2.391,Q,0.1228,0.0114,8,52.7000,52.2568,52.7207
1790276658.755,1.580,Q+W,0.1235,0.0117,8,52.8000,52.3448,52.8159
1790276658.858,0.106,E+W+SPACE,0.1229,0.0115,8,52.9000,52.4488,52.9142
1790276658.964,0.487,Q+W,0.1204,0.0102,8,53.0000,52.5528,53.0158
1790276659.047,7.404,Q,0.1232,0.0116,8,53.1000,52.6368,53.1152
1790276659.136,5.384,Q,0.1211,0.0106,8,53.2000,52.7228,53.2203
1790276659.258,4.145,Q,0.1314,0.0157,8,53.3000,52.8438,53.3176
1790276659.356,4.145,Q,0.1257,0.0128,8,53.4000,52.9448,53.4157
1790276659.466,0.533,Q+W,0.1242,0.0121,8,53.5000,53.0558,53.5151
1790276659.572,0.106,W,0.1197,0.0098,8,53.6000,53.1628,53.6141
1790276659.663,3.980,W,0.1223,0.0112,8,53.7000,53.2518,53.7175
1790276659.757,4.126,W,0.1187,0.0093,8,53.8000,53.3468,53.8167
1790276659.850,4.206,W,0.1174,0.0087,8,53.9000,53.4368,53.9183
1790276659.971,4.381,Q+W,0.1256,0.0128,8,54.0000,53.5568,54.0181
1790276660.066,4.724,Q+W,0.1235,0.0117,8,54.1000,53.6538,54.1169
1790276660.170,0.000,Q+W,0.1205,0.0102,8,54.2000,53.7588,54.2156
1790276660.333,13.666,Q+W,0.1322,0.0161,8,54.4000,53.9238,54.4164
1790276660.463,4.378,W,0.1417,0.0208,8,54.5000,54.0518,54.5159
1790276660.663,23.050,W,0.1583,0.0341,8,54.6000,54.2518,54.6115
1790276660.686,19.117,W,0.1750,0.0439,8,54.7000,54.2758,54.7177
1790276660.749,7.093,,0.1813,0.0407,8,54.8000,54.3408,54.8183
1790276661.199,74.996,B,0.1980,0.1297,8,54.9000,54.6387,54.9119
1790276661.242,14.573,B,0.2313,0.1166,8,55.0000,54.6807,55.0165
1790276661.305,11.284,B,0.2813,0.0985,8,55.1000,54.7437,55.1187
1790276661.327,17.957,B,0.2852,0.0926,8,55.2000,54.7667,55.2199
1790276661.371,14.479,B,0.2686,0.0819,8,55.3000,54.8097,55.3219
1790276661.414,12.228,B,0.2471,0.0727,8,55.4000,54.8537,55.4222
1790276661.459,10.020,B,0.2296,0.0648,8,55.5000,54.8987,55.5223
1790276661.530,5.745,B,0.2130,0.0527,8,55.6000,54.9687,55.6233
1790276661.633,0.000,B,0.2056,0.0528,8,55.7000,55.0737,55.7157
1790276661.737,0.000,B,0.1932,0.0466,8,55.8000,55.1747,55.8187
1790276661.821,1.489,B,0.1768,0.0384,8,55.9000,55.2607,55.9158
1790276661.926,0.000,,0.1685,0.0342,8,56.0000,55.3647,56.0157
1790276662.082,1.983,Q,0.1800,0.0400,8,56.1000,55.5207,56.1127
1790276662.148,1.372,Q,0.1824,0.0412,8,56.2000,55.5847,56.2187
1790276662.278,0.457,W,0.1878,0.0439,8,56.3000,55.7167,56.3145
1790276662.385,1.867,W,0.1715,0.0358,8,56.4000,55.8237,56.4152
1790276662.493,0.000,W,0.1586,0.0293,8,56.5000,55.9327,56.5140
1790276662.541,2.602,W,0.1697,0.0349,8,56.6000,55.9787,56.6207
1790276662.679,2.824,W,0.1820,0.0410,8,56.7000,56.1147,56.7185
1790276662.778,0.000,W,0.1658,0.0329,8,56.8000,56.2177,56.8136
1790276662.843,6.735,W,0.1681,0.0341,8,56.9000,56.2807,56.9198
1790276662.955,0.000,W,0.1684,0.0342,8,57.0000,56.3897,57.0194
1790276663.065,0.000,W,0.1638,0.0319,8,57.1000,56.5037,57.1137
1790276663.180,0.000,W,0.1560,0.0280,8,57.2000,56.6187,57.2129
1790276663.267,4.458,W,0.1527,0.0263,8,57.3000,56.7057,57.3155
1790276663.367,4.990,W,0.1424,0.0212,8,57.4000,56.8027,57.4186
1790276663.457,5.522,W,0.1358,0.0179,8,57.5000,56.8947,57.5180
1790276663.614,18.698,W,0.1525,0.0278,8,57.6000,57.0527,57.6135
1790276663.756,13.442,W,0.1509,0.0255,8,57.7000,57.1897,57.7166
1790276663.782,34.715,W,0.1676,0.0355,8,57.8000,57.2207,57.8160
1790276663.828,22.694,W,0.1766,0.0383,8,57.9000,57.2647,57.9225
1790276663.933,8.610,,0.1774,0.0387,8,58.0000,57.3707,58.0181
1790276664.027,8.096,,0.1636,0.0318,8,58.1000,57.4627,58.1200
1790276664.141,0.000,,0.1619,0.0310,8,58.2000,57.5777,58.2158
1790276664.316,32.384,B,0.1784,0.0392,8,58.3000,57.7517,58.3149
1790276664.366,32.384,B,0.1865,0.0432,8,58.4000,57.8037,58.4183
1790276664.454,8.096,B,0.1698,0.0349,8,58.5000,57.8927,58.5170
1790276664.542,8.096,B,0.1561,0.0281,8,58.6000,57.9817,58.6158
1790276664.632,8.096,B,0.1455,0.0228,8,58.7000,58.0717,58.7168
1790276664.722,8.096,B,0.1366,0.0183,8,58.8000,58.1607,58.8179
1790276664.841,0.000,B,0.1413,0.0206,8,58.9000,58.2767,58.9179
1790276664.957,0.000,B,0.1395,0.0197,8,59.0000,58.3937,59.0148
1790276665.072,8.096,B,0.1348,0.0174,8,59.1000,58.5107,59.1124
1790276665.184,0.000,B,0.1298,0.0149,8,59.2000,58.6177,59.2173
1790276665.250,16.192,B,0.1383,0.0191,8,59.3000,58.6877,59.3187
1790276665.365,0.014,E,0.1445,0.0222,8,59.4000,58.8027,59.4173
1790276665.497,16.577,E,0.1502,0.0251,8,59.5000,58.9367,59.5124
1790276665.603,0.000,E,0.1427,0.0214,8,59.6000,59.0427,59.6128
1790276665.667,23.909,E,0.1508,0.0254,8,59.7000,59.1067,59.7181
1790276665.771,0.000,E,0.1508,0.0254,8,59.8000,59.2107,59.8163
1790276665.859,7.970,E,0.1438,0.0219,8,59.9000,59.2957,59.9192
1790276665.928,15.939,E,0.1434,0.0217,8,60.0000,59.3657,60.0192
1790276666.060,15.939,E,0.1601,0.0311,8,60.1000,59.4977,60.1163
1790276666.144,7.970,E,0.1552,0.0276,8,60.2000,59.5827,60.2165
1790276666.252,0.000,E+W,0.1516,0.0258,8,60.3000,59.6907,60.3152
1790276666.347,9.212,W,0.1436,0.0218,8,60.4000,59.7837,60.4177
1790276666.483,14.409,W,0.1521,0.0260,8,60.5000,59.9207,60.5151
1790276666.574,6.872,W,0.1494,0.0247,8,60.6000,60.0117,60.6169
1790276666.644,12.832,W,0.1517,0.0259,8,60.7000,60.0817,60.7194
1790276666.777,5.803,W,0.1629,0.0314,8,60.8000,60.2087,60.8230
1790276666.867,0.000,W,0.1519,0.0260,8,60.9000,60.3047,60.9163
1790276666.958,4.928,W,0.1448,0.0224,8,61.0000,60.3947,61.0171
1790276667.051,4.469,W,0.1362,0.0181,8,61.1000,60.4877,61.1171
1790276667.279,26.240,W,0.1529,0.0433,8,61.2000,60.7157,61.2121
1790276667.323,11.041,W,0.1862,0.0477,8,61.3000,60.7617,61.3180
1790276667.379,13.296,W,0.1920,0.0460,8,61.4000,60.8157,61.4236
1790276667.477,2.901,W,0.1840,0.0420,8,61.5000,60.9117,61.5236
1790276667.565,2.636,W,0.1701,0.0350,8,61.6000,61.0027,61.6182
1790276667.659,2.459,W,0.1598,0.0299,8,61.7000,61.0987,61.7163
1790276667.752,2.391,W,0.1486,0.0243,8,61.8000,61.1887,61.8198
1790276667.864,0.000,W,0.1486,0.0243,8,61.9000,61.3017,61.9159
1790276667.955,2.946,B,0.1420,0.0210,8,62.0000,61.3947,62.0145
1790276668.021,3.844,B,0.1471,0.0235,8,62.1000,61.4587,62.1203
1790276668.156,15.215,,0.1638,0.0330,8,62.2000,61.5937,62.2161
1790276668.268,15.004,,0.1582,0.0291,8,62.3000,61.7067,62.3142
1790276668.357,12.504,,0.1526,0.0263,8,62.4000,61.7957,62.4144
1790276668.448,12.504,,0.1455,0.0227,8,62.5000,61.8857,62.5183
1790276668.560,15.004,,0.1454,0.0227,8,62.6000,61.9997,62.6146
1790276668.653,12.504,,0.1412,0.0206,8,62.7000,62.0897,62.7177
1790276668.745,12.504,,0.1341,0.0171,8,62.8000,62.1827,62.8180
1790276668.864,17.505,,0.1365,0.0182,8,62.9000,62.2987,62.9183
1790276668.999,20.006,,0.1426,0.0213,8,63.0000,62.4377,63.0126
1790276669.044,5.001,,0.1590,0.0295,8,63.1000,62.4827,63.1176
1790276669.160,15.004,,0.1596,0.0298,8,63.2000,62.5947,63.2186
1790276669.248,12.504,,0.1497,0.0249,8,63.3000,62.6867,63.3159
1790276669.466,32.509,,0.1664,0.0463,8,63.4000,62.9057,63.4114
1790276669.535,10.003,,0.1934,0.0467,8,63.5000,62.9737,63.5167
1790276669.601,7.502,,0.1849,0.0424,8,63.6000,63.0407,63.6196
1790276669.625,2.501,,0.1964,0.0482,8,63.7000,63.0627,63.7238
1790276669.735,15.004,,0.1994,0.0497,8,63.8000,63.1737,63.8184
1790276669.846,15.004,,0.1897,0.0449,8,63.9000,63.2827,63.9176
